traits,nitrogen,no_nitrogen
Cobwidth,0.7859721,0.7054993
Cobweigh,0.5372229,0.3715975
Coblength,0.6770158,0.5292073
20_Kernelweight,0.7305068,0.5292073