Treatment,Traits,Heritability
HN,CD,0.7859721
LN,CD,0.7054993
HN,CW,0.5372229
LN,CW,0.3715975
HN,CL,0.6770158
LN,CL,0.5292073
HN,X20KW,0.7305068
LN,X20KW,0.5292073