Treatment,Traits,SNP_based_heritability
HN,CD,0.4268791
LN,CD,0.6648671
HN-LN,CD,0.37233
NR,CD,0.6405264
R,CD,0.3076959
HN,CL,0.4498745
LN,CL,0.1187177
HN-LN,CL,0.7088541
NR,CL,0.6405264
R,CL,0.3076959
HN,CW,0.6940825
LN,CW,0.7072668
HN-LN,CW,0.5632959
NR,CW,0.4911967
R,CW,0.51852
HN,X20KW,0.732128
LN,X20KW,0.7411009
HN-LN,X20KW,0.7075421
NR,X20KW,0.7372211
R,X20KW,0.737011
